2.352927811443805695e-03 , 2.381730126217007637e-03 , 3.154792822897434235e-03 , 3.851028624922037125e-03 , 4.625213332474231720e-03 , 3.861866192892193794e-03 , 2.727428916841745377e-03 , 2.234418410807847977e-03 , 1.186516019515693188e-03 , 3.312519402243196964e-04 , -4.187652957625687122e-04 , -1.333633554168045521e-04 , 2.403067337581887841e-04 , 4.775123088620603085e-04 , 6.613801815547049046e-04 , 3.874624089803546667e-04 , 7.533816387876868248e-04 , 2.641074825078248978e-03 , 3.498037578538060188e-03 , 3.455532016232609749e-03 , 1.112218829803168774e-03 , 7.545230910181999207e-04 , 5.390598089434206486e-04 , 9.368089959025382996e-04 , 1.333490363322198391e-03 , 1.326016965322196484e-03 , 1.144815236330032349e-03 , 1.329772756434977055e-03 , 1.529532484710216522e-03 , 9.344237623736262321e-04 , 1.206260523758828640e-03 , 6.556647131219506264e-04 , 1.199046266265213490e-03 , 1.553640759084373713e-04 , 1.145006099250167608e-04 , 8.905191207304596901e-04 , 2.220024587586522102e-03 , 2.627838402986526489e-03 , 2.309764968231320381e-03 , 1.902567688375711441e-03 , 1.085437485016882420e-03 , 7.953647291287779808e-04 , 1.053972984664142132e-03 , 1.874250709079205990e-03 , 2.046869136393070221e-03 , 1.733015174977481365e-03 , 8.494047797285020351e-04 , 1.337292487733066082e-03 , 2.688017906621098518e-03 , 1.851034234277904034e-03
3.978422377258539200e-03 , 3.674254519864916801e-03 , 4.644790198653936386e-03 , 5.601949524134397507e-03 , 5.491883959621191025e-03 , 4.277855623513460159e-03 , 2.818634035065770149e-03 , 1.868491643108427525e-03 , 1.420930726453661919e-03 , 6.144415237940847874e-04 , 2.525692689232528210e-04 , 2.143501042155548930e-04 , 4.272580554243177176e-04 , 4.242816648911684752e-04 , 6.958626327104866505e-04 , 6.168509717099368572e-04 , 7.520499057136476040e-04 , 1.685463823378086090e-03 , 2.141023054718971252e-03 , 2.522137947380542755e-03 , 1.196427852846682072e-03 , 9.260012302547693253e-04 , 8.225954370573163033e-04 , 1.175539917312562466e-03 , 1.228947890922427177e-03 , 1.169075723737478256e-03 , 1.069847727194428444e-03 , 1.396955223754048347e-03 , 1.732896547764539719e-03 , 1.363267889246344566e-03 , 1.486882450990378857e-03 , 8.412413299083709717e-04 , 1.318163122050464153e-03 , 9.797507664188742638e-04 , 1.352106919512152672e-03 , 1.344243530184030533e-03 , 2.049244707450270653e-03 , 1.694337814114987850e-03 , 1.562843448482453823e-03 , 1.367222750559449196e-03 , 1.310149789787828922e-03 , 1.298864721320569515e-03 , 1.200167229399085045e-03 , 1.673735561780631542e-03 , 1.769194146618247032e-03 , 1.884836237877607346e-03 , 2.181247808039188385e-03 , 2.172720152884721756e-03 , 1.885558944195508957e-03 , 1.852504326961934566e-03
4.443348851054906845e-03 , 4.546215292066335678e-03 , 5.609524901956319809e-03 , 6.551320198923349380e-03 , 5.712190642952919006e-03 , 4.972855094820261002e-03 , 3.851138055324554443e-03 , 3.125159768387675285e-03 , 3.048746380954980850e-03 , 1.862248405814170837e-03 , 8.086282177828252316e-04 , 1.320739247603341937e-04 , 3.711819299496710300e-04 , 4.545460396911948919e-04 , 5.124529707245528698e-04 , 4.769129445776343346e-04 , 7.506145630031824112e-04 , 9.396435343660414219e-04 , 1.186865847557783127e-03 , 1.591133070178329945e-03 , 1.429521013051271439e-03 , 1.109863631427288055e-03 , 9.501812746748328209e-04 , 1.239177305251359940e-03 , 1.334217260591685772e-03 , 1.375082763843238354e-03 , 1.015648827888071537e-03 , 1.035846653394401073e-03 , 1.310318126343190670e-03 , 1.511781825684010983e-03 , 1.412192475982010365e-03 , 1.029362785629928112e-03 , 1.670226571150124073e-03 , 1.457021688111126423e-03 , 1.409604097716510296e-03 , 9.748835582286119461e-04 , 1.595040201209485531e-03 , 1.771325711160898209e-03 , 2.000988228246569633e-03 , 1.798449316993355751e-03 , 1.705369213595986366e-03 , 1.192230149172246456e-03 , 1.190649578347802162e-03 , 1.379710622131824493e-03 , 1.793024362996220589e-03 , 1.872269203886389732e-03 , 2.411414869129657745e-03 , 2.029425231739878654e-03 , 1.740873092785477638e-03 , 1.807856489904224873e-03
4.611190408468246460e-03 , 5.240789614617824554e-03 , 6.456051021814346313e-03 , 6.724026054143905640e-03 , 5.812640301883220673e-03 , 5.843024235218763351e-03 , 5.288862623274326324e-03 , 4.670137539505958557e-03 , 3.942807670682668686e-03 , 3.450303105637431145e-03 , 1.868470455519855022e-03 , 9.366736048832535744e-04 , 5.159319262020289898e-04 , 1.581843243911862373e-04 , 2.443870762363076210e-04 , 5.524818552657961845e-04 , 7.617120863869786263e-04 , 1.002017525024712086e-03 , 1.078636501915752888e-03 , 9.281559614464640617e-04 , 1.071114675141870975e-03 , 9.505747002549469471e-04 , 1.118209096603095531e-03 , 1.110750134103000164e-03 , 1.189701142720878124e-03 , 1.257239608094096184e-03 , 1.107025658711791039e-03 , 9.412780054844915867e-04 , 8.172304369509220123e-04 , 1.086296630091965199e-03 , 9.935151319950819016e-04 , 1.257312484085559845e-03 , 1.588641549460589886e-03 , 1.840293291024863720e-03 , 1.711915130726993084e-03 , 1.339799026027321815e-03 , 1.402374822646379471e-03 , 1.240386976860463619e-03 , 1.340056769549846649e-03 , 1.173947704955935478e-03 , 1.263892627321183681e-03 , 1.164554269053041935e-03 , 1.833905465900897980e-03 , 1.661723596043884754e-03 , 1.564421341754496098e-03 , 1.473145326599478722e-03 , 1.529261004179716110e-03 , 1.115494640544056892e-03 , 6.631339783780276775e-04 , 1.092447128030471504e-04
5.165126174688339233e-03 , 6.054505705833435059e-03 , 7.083874661475419998e-03 , 6.612115073949098587e-03 , 6.049498450011014938e-03 , 5.791095085442066193e-03 , 5.395791959017515182e-03 , 5.410182289779186249e-03 , 5.903806071728467941e-03 , 5.824137013405561447e-03 , 3.805594518780708313e-03 , 2.001482760533690453e-03 , 1.214325660839676857e-03 , 3.772451600525528193e-04 , 3.604048688430339098e-04 , 7.151153986342251301e-04 , 9.400247363373637199e-04 , 1.051300088874995708e-03 , 8.756126626394689083e-04 , 6.830706261098384857e-04 , 7.945894030854105949e-04 , 8.189426152966916561e-04 , 9.047621861100196838e-04 , 1.059389207512140274e-03 , 1.495270174928009510e-03 , 1.433009514585137367e-03 , 1.024867873638868332e-03 , 7.523008389398455620e-04 , 6.020617438480257988e-04 , 1.179326325654983521e-03 , 1.521101687103509903e-03 , 2.100804122164845467e-03 , 2.082578837871551514e-03 , 1.971818972378969193e-03 , 1.393480459228157997e-03 , 1.355124870315194130e-03 , 1.233058166690170765e-03 , 6.545695941895246506e-04 , 6.654223543591797352e-04 , 8.941508131101727486e-04 , 9.921254822984337807e-04 , 1.103951828554272652e-03 , 1.327397068962454796e-03 , 1.484003616496920586e-03 , 1.514967530965805054e-03 , 1.624925527721643448e-03 , 7.313270471058785915e-04 , 1.110658748075366020e-03 , 4.096874617971479893e-04 , 2.648992813192307949e-04
4.345405381172895432e-03 , 4.881949163973331451e-03 , 5.693795159459114075e-03 , 5.744033493101596832e-03 , 5.724979098886251450e-03 , 5.801872350275516510e-03 , 5.871213041245937347e-03 , 5.960629321634769440e-03 , 6.657983642071485519e-03 , 6.327355280518531799e-03 , 4.706852138042449951e-03 , 3.038159571588039398e-03 , 2.210718346759676933e-03 , 8.531836792826652527e-04 , 3.183447115588933229e-04 , 7.582951802760362625e-04 , 1.005456899292767048e-03 , 1.157274469733238220e-03 , 9.889710927382111549e-04 , 8.115012897178530693e-04 , 8.243151241913437843e-04 , 7.563450490124523640e-04 , 1.073398278094828129e-03 , 1.318254508078098297e-03 , 1.629914157092571259e-03 , 1.447709393687546253e-03 , 1.266617444343864918e-03 , 1.311486936174333096e-03 , 1.289166393689811230e-03 , 1.518907491117715836e-03 , 1.800698111765086651e-03 , 1.945790485478937626e-03 , 1.749111455865204334e-03 , 1.582877011969685555e-03 , 1.366693642921745777e-03 , 1.991024706512689590e-03 , 1.441059052012860775e-03 , 1.187347923405468464e-03 , 1.301458571106195450e-03 , 1.497304299846291542e-03 , 1.266238279640674591e-03 , 1.488222973421216011e-03 , 1.461378880776464939e-03 , 1.654490246437489986e-03 , 1.566458726301789284e-03 , 1.677826861850917339e-03 , 9.064846090041100979e-04 , 1.733583863824605942e-03 , 1.072245882824063301e-03 , 1.115944585762917995e-03
4.630183335393667221e-03 , 5.170037969946861267e-03 , 5.658804439008235931e-03 , 5.387309473007917404e-03 , 5.267415195703506470e-03 , 5.650255363434553146e-03 , 5.972838494926691055e-03 , 5.759622436016798019e-03 , 5.781183484941720963e-03 , 5.447592586278915405e-03 , 5.403407383710145950e-03 , 4.273987840861082077e-03 , 2.573656383901834488e-03 , 1.470423303544521332e-03 , -2.485916047589853406e-05 , 6.679050275124609470e-04 , 9.045221377164125443e-04 , 9.363418794237077236e-04 , 7.216157391667366028e-04 , 8.135414682328701019e-04 , 9.330811444669961929e-04 , 1.094948966056108475e-03 , 1.272218301892280579e-03 , 1.184204476885497570e-03 , 1.429128926247358322e-03 , 1.352873397991061211e-03 , 1.335156150162220001e-03 , 1.341216033324599266e-03 , 1.321046845987439156e-03 , 1.662503695115447044e-03 , 1.940271351486444473e-03 , 1.745732151903212070e-03 , 1.779846381396055222e-03 , 1.636243308894336224e-03 , 1.460376544855535030e-03 , 1.729703973978757858e-03 , 1.555852824822068214e-03 , 1.759222359396517277e-03 , 1.979686552658677101e-03 , 2.195121254771947861e-03 , 1.650309073738753796e-03 , 1.749779796227812767e-03 , 1.549141830764710903e-03 , 1.959101995453238487e-03 , 2.001526998355984688e-03 , 1.915599685162305832e-03 , 2.120557939633727074e-03 , 2.233862644061446190e-03 , 1.565659535117447376e-03 , 1.460540224798023701e-03
5.202342290431261063e-03 , 5.574697162955999374e-03 , 6.195825524628162384e-03 , 5.830672569572925568e-03 , 5.797752179205417633e-03 , 6.548227742314338684e-03 , 6.507202517241239548e-03 , 5.876266397535800934e-03 , 5.484063643962144852e-03 , 5.755338352173566818e-03 , 6.116239354014396667e-03 , 4.264740739017724991e-03 , 1.429705764167010784e-03 , 1.874244917416945100e-04 , -2.017330261878669262e-04 , 9.062507306225597858e-04 , 1.059320988133549690e-03 , 1.365801668725907803e-03 , 1.047667698003351688e-03 , 1.119685359299182892e-03 , 1.031821593642234802e-03 , 1.052269712090492249e-03 , 1.347318058833479881e-03 , 1.263295300304889679e-03 , 1.318916562013328075e-03 , 1.222022692672908306e-03 , 1.247796928510069847e-03 , 1.662839902564883232e-03 , 1.850675558671355247e-03 , 1.914390013553202152e-03 , 1.966557698324322701e-03 , 1.524813822470605373e-03 , 1.912074396386742592e-03 , 2.321118256077170372e-03 , 2.390387235209345818e-03 , 1.999143278226256371e-03 , 1.627556164748966694e-03 , 2.095295814797282219e-03 , 2.324174391105771065e-03 , 2.568103140220046043e-03 , 1.976142171770334244e-03 , 1.745509798638522625e-03 , 1.774799195118248463e-03 , 2.000066451728343964e-03 , 2.151285996660590172e-03 , 1.808966626413166523e-03 , 3.110080026090145111e-03 , 2.930559916421771049e-03 , 2.632694551721215248e-03 , 1.783596700988709927e-03
5.777479615062475204e-03 , 5.987132433801889420e-03 , 6.074133329093456268e-03 , 5.482923705130815506e-03 , 5.789416376501321793e-03 , 6.320190150290727615e-03 , 5.836741533130407333e-03 , 5.359817296266555786e-03 , 5.223991815000772476e-03 , 5.759605206549167633e-03 , 5.674547515809535980e-03 , 3.263609251007437706e-03 , 1.285952632315456867e-03 , 6.077451398596167564e-04 , 1.197919016703963280e-03 , 1.134022488258779049e-03 , 1.071615843102335930e-03 , 1.508513581939041615e-03 , 1.463583437725901604e-03 , 1.219370868057012558e-03 , 1.210443791933357716e-03 , 1.185356872156262398e-03 , 1.373442821204662323e-03 , 1.132208737544715405e-03 , 1.330252154730260372e-03 , 1.261387369595468044e-03 , 1.744124223478138447e-03 , 2.019175328314304352e-03 , 2.027736976742744446e-03 , 1.756627112627029419e-03 , 1.641150098294019699e-03 , 1.645223586820065975e-03 , 2.082439837977290154e-03 , 2.411630470305681229e-03 , 2.281839493662118912e-03 , 1.763141830451786518e-03 , 1.617051195353269577e-03 , 1.930367783643305302e-03 , 2.519962843507528305e-03 , 2.623474225401878357e-03 , 2.367289271205663681e-03 , 1.913738204166293144e-03 , 2.237964887171983719e-03 , 2.395934890955686569e-03 , 1.919772825203835964e-03 , 1.565670478157699108e-03 , 2.781759481877088547e-03 , 2.339235739782452583e-03 , 1.921773422509431839e-03 , 1.197366043925285339e-03
4.309325944632291794e-03 , 5.501611158251762390e-03 , 6.047046277672052383e-03 , 5.802819505333900452e-03 , 5.772984586656093597e-03 , 5.741039756685495377e-03 , 5.283422302454710007e-03 , 4.892768338322639465e-03 , 4.660163540393114090e-03 , 5.103818606585264206e-03 , 5.237825680524110794e-03 , 3.948085010051727295e-03 , 4.358120262622833252e-03 , 3.232386894524097443e-03 , 3.065392607823014259e-03 , -6.559449830092489719e-04 , 1.033518583426484838e-05 , 1.464170520193874836e-03 , 1.754758763127028942e-03 , 1.629409496672451496e-03 , 1.387398107908666134e-03 , 1.580022624693810940e-03 , 1.999897416681051254e-03 , 2.005409682169556618e-03 , 1.728196977637708187e-03 , 1.489822752773761749e-03 , 1.756745157763361931e-03 , 1.936083310283720493e-03 , 1.993315061554312706e-03 , 1.689612399786710739e-03 , 1.801843754947185516e-03 , 1.579336705617606640e-03 , 1.378372777253389359e-03 , 1.386894844472408295e-03 , 1.397646730765700340e-03 , 1.507862354628741741e-03 , 1.345679513178765774e-03 , 1.378637389279901981e-03 , 2.278796862810850143e-03 , 2.383550861850380898e-03 , 2.853165613487362862e-03 , 2.163390628993511200e-03 , 2.146077807992696762e-03 , 1.999013591557741165e-03 , 1.691910321824252605e-03 , 1.946101430803537369e-03 , 2.214194508269429207e-03 , 2.833955688402056694e-03 , 1.948575256392359734e-03 , 1.533794100396335125e-03
4.365616478025913239e-03 , 5.844297353178262711e-03 , 6.302895955741405487e-03 , 5.496958270668983459e-03 , 5.381919443607330322e-03 , 5.279649514704942703e-03 , 5.434141028672456741e-03 , 5.264277104288339615e-03 , 4.791608080267906189e-03 , 4.948100075125694275e-03 , 5.273994058370590210e-03 , 4.608983173966407776e-03 , 4.651548806577920914e-03 , 5.024302285164594650e-03 , 5.337970796972513199e-03 , 1.289212726987898350e-03 , 1.069754362106323242e-03 , 1.267790212295949459e-03 , 1.600743504241108894e-03 , 1.729896874167025089e-03 , 1.439057756215333939e-03 , 1.954179489985108376e-03 , 2.192160347476601601e-03 , 2.039373153820633888e-03 , 1.812964444980025291e-03 , 1.531471032649278641e-03 , 1.925904187373816967e-03 , 2.110256813466548920e-03 , 2.038356382399797440e-03 , 1.908651436679065228e-03 , 1.867783837951719761e-03 , 1.743108266964554787e-03 , 1.525823026895523071e-03 , 1.546310726553201675e-03 , 1.437487313523888588e-03 , 1.489901798777282238e-03 , 1.392907695844769478e-03 , 1.339283538982272148e-03 , 2.070273738354444504e-03 , 2.294635400176048279e-03 , 2.808103105053305626e-03 , 2.366119297221302986e-03 , 2.445807447656989098e-03 , 2.328955568373203278e-03 , 2.260638400912284851e-03 , 2.608953043818473816e-03 , 2.036263234913349152e-03 , 2.975840587168931961e-03 , 1.803626073524355888e-03 , 2.292880322784185410e-03
6.608708761632442474e-03 , 6.334190256893634796e-03 , 6.274306681007146835e-03 , 5.373252090066671371e-03 , 5.114950239658355713e-03 , 5.016603507101535797e-03 , 5.205297842621803284e-03 , 5.238781683146953583e-03 , 4.729701206088066101e-03 , 4.809693899005651474e-03 , 4.834583960473537445e-03 , 4.594648722559213638e-03 , 3.900216193869709969e-03 , 5.041796714067459106e-03 , 6.081193219870328903e-03 , 5.276873242110013962e-03 , 4.328669980168342590e-03 , 3.776005702093243599e-03 , 2.161864656955003738e-03 , 1.595528447069227695e-03 , 1.228032750077545643e-03 , 1.587350037880241871e-03 , 1.845056191086769104e-03 , 1.790114794857800007e-03 , 1.884857309050858021e-03 , 1.668885350227355957e-03 , 1.639836118556559086e-03 , 1.820351812057197094e-03 , 1.898701419122517109e-03 , 1.975615741685032845e-03 , 1.989650074392557144e-03 , 2.124920720234513283e-03 , 2.005066024139523506e-03 , 1.777379307895898819e-03 , 1.273643458262085915e-03 , 1.193353906273841858e-03 , 1.725462730973958969e-03 , 1.792942523024976254e-03 , 1.987217226997017860e-03 , 1.952620106749236584e-03 , 1.999218249693512917e-03 , 2.173333894461393356e-03 , 2.257084473967552185e-03 , 2.279011067003011703e-03 , 2.270764438435435295e-03 , 2.651177579537034035e-03 , 1.901404466480016708e-03 , 2.799019217491149902e-03 , 2.116431249305605888e-03 , 2.693104790523648262e-03
5.270806606858968735e-03 , 4.802495241165161133e-03 , 4.913785494863986969e-03 , 4.934871103614568710e-03 , 5.167250055819749832e-03 , 5.765374749898910522e-03 , 5.931290797889232635e-03 , 5.778163205832242966e-03 , 4.814074840396642685e-03 , 4.813641775399446487e-03 , 4.694140981882810593e-03 , 4.572278354316949844e-03 , 4.215956665575504303e-03 , 4.678874742239713669e-03 , 5.776650272309780121e-03 , 9.102998301386833191e-03 , 7.019466720521450043e-03 , 5.223596934229135513e-03 , 2.974120900034904480e-03 , 1.529408269561827183e-03 , 1.566053717397153378e-03 , 1.758967991918325424e-03 , 1.791235059499740601e-03 , 2.102622529491782188e-03 , 2.158240415155887604e-03 , 1.859046984463930130e-03 , 1.723246532492339611e-03 , 2.158984541893005371e-03 , 2.240849193185567856e-03 , 2.386492444202303886e-03 , 2.429840620607137680e-03 , 2.470117527991533279e-03 , 1.999077619984745979e-03 , 1.771706156432628632e-03 , 1.540436991490423679e-03 , 1.679025590419769287e-03 , 2.101090503856539726e-03 , 2.517149318009614944e-03 , 2.450682921335101128e-03 , 2.446011872962117195e-03 , 2.083570230752229691e-03 , 2.027472481131553650e-03 , 1.938409870490431786e-03 , 2.601512474939227104e-03 , 3.390475641936063766e-03 , 2.795851090922951698e-03 , 2.134066075086593628e-03 , 2.492030384019017220e-03 , 2.358789090067148209e-03 , 2.734595444053411484e-03
3.929638769477605820e-03 , 4.478123039007186890e-03 , 4.695283249020576477e-03 , 5.011765751987695694e-03 , 4.828828386962413788e-03 , 5.411307793110609055e-03 , 5.595184862613677979e-03 , 5.191506817936897278e-03 , 4.534711129963397980e-03 , 4.487171303480863571e-03 , 4.616847261786460876e-03 , 4.724689759314060211e-03 , 4.532845690846443176e-03 , 4.169194493442773819e-03 , 4.451296292245388031e-03 , 7.786149624735116959e-03 , 5.867152474820613861e-03 , 4.171350970864295959e-03 , 3.267021384090185165e-03 , 2.137931529432535172e-03 , 2.369648078456521034e-03 , 2.509740181267261505e-03 , 2.489066217094659805e-03 , 2.561051864176988602e-03 , 1.920065958984196186e-03 , 2.177163260057568550e-03 , 2.189762191846966743e-03 , 2.306667855009436607e-03 , 2.215977059677243233e-03 , 2.409163396805524826e-03 , 2.503705443814396858e-03 , 2.155065070837736130e-03 , 1.572943408973515034e-03 , 1.564174424856901169e-03 , 1.861524186097085476e-03 , 2.307956572622060776e-03 , 2.448556711897253990e-03 , 3.186454297974705696e-03 , 3.076055785641074181e-03 , 2.803073497489094734e-03 , 2.743386197835206985e-03 , 2.536570653319358826e-03 , 2.590560121461749077e-03 , 2.944462001323699951e-03 , 2.991478657349944115e-03 , 2.924818545579910278e-03 , 3.479000879451632500e-03 , 3.461205400526523590e-03 , 2.599472180008888245e-03 , 2.175982343032956123e-03
4.364334978163242340e-03 , 4.685991443693637848e-03 , 4.868665710091590881e-03 , 5.023643374443054199e-03 , 5.058394279330968857e-03 , 5.024212412536144257e-03 , 4.869936034083366394e-03 , 4.620655905455350876e-03 , 4.564873408526182175e-03 , 4.107653163373470306e-03 , 3.911409992724657059e-03 , 4.161405842751264572e-03 , 4.288848489522933960e-03 , 4.524183925241231918e-03 , 4.031249787658452988e-03 , 4.690438974648714066e-03 , 3.049264894798398018e-03 , 1.853634137660264969e-03 , 1.586319645866751671e-03 , 1.719893072731792927e-03 , 1.792148803360760212e-03 , 2.024608431383967400e-03 , 2.343913307413458824e-03 , 2.481055678799748421e-03 , 2.340420149266719818e-03 , 2.269672695547342300e-03 , 2.416851464658975601e-03 , 2.458098810166120529e-03 , 2.269121818244457245e-03 , 2.224424155429005623e-03 , 2.165602752938866615e-03 , 1.499748090282082558e-03 , 1.158745959401130676e-03 , 1.440983964130282402e-03 , 1.984113361686468124e-03 , 2.613674383610486984e-03 , 2.466116333380341530e-03 , 2.916170982643961906e-03 , 2.825515577569603920e-03 , 2.463481621816754341e-03 , 2.851808676496148109e-03 , 2.400480443611741066e-03 , 3.119229571893811226e-03 , 3.483962267637252808e-03 , 3.364944830536842346e-03 , 3.152337390929460526e-03 , 4.006009083241224289e-03 , 3.345409175381064415e-03 , 2.579134656116366386e-03 , 1.591075793839991093e-03
4.335297737270593643e-03 , 4.428453277796506882e-03 , 5.398417357355356216e-03 , 5.374091211706399918e-03 , 5.130512639880180359e-03 , 4.649232607334852219e-03 , 4.708201158791780472e-03 , 4.638008307665586472e-03 , 4.343879874795675278e-03 , 3.851736895740032196e-03 , 3.746296046301722527e-03 , 4.001102875918149948e-03 , 4.088589921593666077e-03 , 4.491269122809171677e-03 , 4.449992906302213669e-03 , 4.440558142960071564e-03 , 2.970409346744418144e-03 , 1.324660028330981731e-03 , -1.027703547151759267e-04 , 2.424771082587540150e-04 , 1.346398057648912072e-04 , 1.246064319275319576e-03 , 2.169990679249167442e-03 , 1.882225973531603813e-03 , 1.899943104945123196e-03 , 1.937740249559283257e-03 , 2.138049574568867683e-03 , 2.357471734285354614e-03 , 2.066786633804440498e-03 , 1.463461318053305149e-03 , 1.167049864307045937e-03 , 1.231268979609012604e-03 , 2.061461098492145538e-03 , 2.546599600464105606e-03 , 2.851859200745820999e-03 , 2.805737080052495003e-03 , 2.977684373036026955e-03 , 3.140210872516036034e-03 , 2.864787587895989418e-03 , 2.421146724373102188e-03 , 2.669475041329860687e-03 , 2.730587497353553772e-03 , 3.458334598690271378e-03 , 3.388246055692434311e-03 , 3.207128727808594704e-03 , 2.877995371818542480e-03 , 3.975864965468645096e-03 , 3.387135919183492661e-03 , 3.015917027369141579e-03 , 2.065211534500122070e-03
3.785717301070690155e-03 , 3.969486802816390991e-03 , 5.113158375024795532e-03 , 5.263390485197305679e-03 , 4.792552907019853592e-03 , 4.449016880244016647e-03 , 4.488521255552768707e-03 , 4.354664124548435211e-03 , 4.198293667286634445e-03 , 4.214729648083448410e-03 , 3.920347429811954498e-03 , 3.798914607614278793e-03 , 3.651499282568693161e-03 , 3.711952362209558487e-03 , 4.126965999603271484e-03 , 3.833116963505744934e-03 , 3.169652773067355156e-03 , 1.203841180540621281e-03 , 4.013399011455476284e-04 , 8.882300462573766708e-04 , 3.052888205274939537e-04 , 1.159517210908234119e-03 , 1.972044119611382484e-03 , 1.733043114654719830e-03 , 1.713321194984018803e-03 , 1.839282107539474964e-03 , 1.713572070002555847e-03 , 2.143940888345241547e-03 , 1.882548443973064423e-03 , 1.333663589321076870e-03 , 8.153314120136201382e-04 , 1.178975915536284447e-03 , 2.217036671936511993e-03 , 2.778921509161591530e-03 , 2.924525178968906403e-03 , 2.783259609714150429e-03 , 3.031444735825061798e-03 , 2.791219856590032578e-03 , 2.544330200180411339e-03 , 2.365854801610112190e-03 , 2.205676632001996040e-03 , 2.987885149195790291e-03 , 3.077853238210082054e-03 , 3.062906442210078239e-03 , 3.095492022112011909e-03 , 2.991271438077092171e-03 , 3.393743187189102173e-03 , 2.775728935375809669e-03 , 2.434546826407313347e-03 , 6.014418904669582844e-04
4.007029812783002853e-03 , 4.096113611012697220e-03 , 4.707388579845428467e-03 , 4.936675075441598892e-03 , 4.635301884263753891e-03 , 5.024291574954986572e-03 , 5.050774663686752319e-03 , 4.511696286499500275e-03 , 4.070446360856294632e-03 , 4.388265311717987061e-03 , 4.347043577581644058e-03 , 4.260197281837463379e-03 , 3.714830381795763969e-03 , 3.153246361762285233e-03 , 3.787724999710917473e-03 , 3.571982262656092644e-03 , 3.614617977291345596e-03 , 2.130395499989390373e-03 , 1.454457174986600876e-03 , 9.915193077176809311e-04 , 2.411593450233340263e-03 , 2.232630504295229912e-03 , 2.371150767430663109e-03 , 1.712541095912456512e-03 , 1.687636249698698521e-03 , 1.951999613083899021e-03 , 2.334929537028074265e-03 , 2.427739789709448814e-03 , 1.775822602212429047e-03 , 9.851880604401230812e-04 , 1.058577094227075577e-03 , 1.635580556467175484e-03 , 2.281978493556380272e-03 , 2.780095674097537994e-03 , 3.042848547920584679e-03 , 3.010234329849481583e-03 , 3.465486224740743637e-03 , 3.180520609021186829e-03 , 2.923716558143496513e-03 , 2.817942528054118156e-03 , 2.633253810927271843e-03 , 3.587788902223110199e-03 , 3.169661154970526695e-03 , 3.266494255512952805e-03 , 3.250230103731155396e-03 , 3.272077534347772598e-03 , 3.124147187918424606e-03 , 3.159911604598164558e-03 , 3.533907001838088036e-03 , 1.639840891584753990e-03
3.969790879637002945e-03 , 4.301451612263917923e-03 , 4.471043590456247330e-03 , 4.639291204512119293e-03 , 4.433826077729463577e-03 , 4.678417928516864777e-03 , 4.730639047920703888e-03 , 4.294246435165405273e-03 , 4.034528508782386780e-03 , 3.995890729129314423e-03 , 4.421767313033342361e-03 , 4.850551020354032516e-03 , 4.176174290478229523e-03 , 3.278204705566167831e-03 , 3.543520113453269005e-03 , 3.658979432657361031e-03 , 4.221143200993537903e-03 , 3.988262731581926346e-03 , 3.787077963352203369e-03 , 3.382460214197635651e-03 , 5.086915101855993271e-03 , 2.486179117113351822e-03 , 1.648067729547619820e-03 , 1.624469296075403690e-03 , 2.108241198584437370e-03 , 2.333468990400433540e-03 , 2.416121307760477066e-03 , 1.979367341846227646e-03 , 1.474242541007697582e-03 , 1.153427409008145332e-03 , 1.819052849896252155e-03 , 2.206957200542092323e-03 , 2.183305565267801285e-03 , 2.514443593099713326e-03 , 2.690786262974143028e-03 , 2.810726873576641083e-03 , 2.776509150862693787e-03 , 3.321936354041099548e-03 , 3.596235765144228935e-03 , 3.811405971646308899e-03 , 3.124433569610118866e-03 , 3.243464510887861252e-03 , 3.214458934962749481e-03 , 3.880185307934880257e-03 , 3.480970161035656929e-03 , 3.478857688605785370e-03 , 3.475343342870473862e-03 , 4.677263088524341583e-03 , 3.783975495025515556e-03 , 1.387002645060420036e-03
2.849316224455833435e-03 , 4.088121000677347183e-03 , 4.616483114659786224e-03 , 4.398393910378217697e-03 , 4.332333803176879883e-03 , 4.592970944941043854e-03 , 4.806182812899351120e-03 , 4.447098355740308762e-03 , 4.092938732355833054e-03 , 3.907100297510623932e-03 , 4.211894702166318893e-03 , 4.250844474881887436e-03 , 3.629178740084171295e-03 , 3.147826762869954109e-03 , 3.244473831728100777e-03 , 3.467525588348507881e-03 , 3.694779239594936371e-03 , 3.550177207216620445e-03 , 3.522987943142652512e-03 , 3.605486825108528137e-03 , 5.112932063639163971e-03 , 4.833446815609931946e-03 , 3.573332214727997780e-03 , 4.831386730074882507e-03 , 2.323218388482928276e-03 , 2.294455422088503838e-03 , 1.995731843635439873e-03 , 1.687451498582959175e-03 , 1.587182283401489258e-03 , 1.719800406135618687e-03 , 2.799266017973423004e-03 , 3.139638109132647514e-03 , 2.853062003850936890e-03 , 2.839238848537206650e-03 , 2.656654454767704010e-03 , 2.336168661713600159e-03 , 2.227208809927105904e-03 , 2.800418296828866005e-03 , 3.426436567679047585e-03 , 3.866891609504818916e-03 , 3.600008087232708931e-03 , 2.986517269164323807e-03 , 2.714072354137897491e-03 , 3.446580376476049423e-03 , 3.596400842070579529e-03 , 3.689883276820182800e-03 , 3.738117869943380356e-03 , 4.895755089819431305e-03 , 4.486074671149253845e-03 , 4.355173557996749878e-03
3.479837672784924507e-03 , 4.094799514859914780e-03 , 4.461904056370258331e-03 , 4.249363206326961517e-03 , 4.118939395993947983e-03 , 4.174610134214162827e-03 , 4.278093110769987106e-03 , 4.067357629537582397e-03 , 4.208008293062448502e-03 , 4.342219326645135880e-03 , 4.383809864521026611e-03 , 3.927562385797500610e-03 , 3.621947951614856720e-03 , 3.324534278362989426e-03 , 3.236019751057028770e-03 , 3.484656335785984993e-03 , 3.357965266332030296e-03 , 2.849510638043284416e-03 , 3.181349020451307297e-03 , 3.631954547017812729e-03 , 4.907174035906791687e-03 , 7.116829976439476013e-03 , 5.835369229316711426e-03 , 5.920753348618745804e-03 , 1.390743418596684933e-03 , 1.857486786320805550e-03 , 1.645860495045781136e-03 , 1.509190653450787067e-03 , 1.731075230054557323e-03 , 2.209598664194345474e-03 , 2.815794665366411209e-03 , 3.170068841427564621e-03 , 3.161908127367496490e-03 , 2.976739313453435898e-03 , 2.936107572168111801e-03 , 2.821564674377441406e-03 , 2.774325665086507797e-03 , 2.513176761567592621e-03 , 2.985150786116719246e-03 , 3.358423477038741112e-03 , 4.027763847261667252e-03 , 3.509495873004198074e-03 , 3.354865359142422676e-03 , 3.566842991858720779e-03 , 3.378739347681403160e-03 , 3.369540674611926079e-03 , 3.534988500177860260e-03 , 3.751504467800259590e-03 , 3.411518409848213196e-03 , 5.194047465920448303e-03
4.117523320019245148e-03 , 4.290002398192882538e-03 , 4.455169662833213806e-03 , 4.332049284130334854e-03 , 4.169012885540723801e-03 , 4.180655349045991898e-03 , 3.974952269345521927e-03 , 3.640400012955069542e-03 , 3.758193459361791611e-03 , 3.735608188435435295e-03 , 3.749505849555134773e-03 , 3.859717631712555885e-03 , 3.791618626564741135e-03 , 3.665077965706586838e-03 , 3.496796591207385063e-03 , 3.372561419382691383e-03 , 3.188831266015768051e-03 , 2.616079291328787804e-03 , 3.014477668330073357e-03 , 3.105662995949387550e-03 , 3.024814184755086899e-03 , 4.191393498331308365e-03 , 3.411512123420834541e-03 , 3.975444007664918900e-03 , 2.402679296210408211e-03 , 1.944311428815126419e-03 , 1.651501632295548916e-03 , 1.831458997912704945e-03 , 2.205855213105678558e-03 , 2.676547504961490631e-03 , 2.878410043194890022e-03 , 3.184120869264006615e-03 , 3.019897965714335442e-03 , 2.883750479668378830e-03 , 2.840534551069140434e-03 , 3.347313031554222107e-03 , 3.485156921669840813e-03 , 2.866541268303990364e-03 , 3.237773664295673370e-03 , 3.100996138527989388e-03 , 3.830589819699525833e-03 , 3.730671713128685951e-03 , 3.689890261739492416e-03 , 3.872961504384875298e-03 , 3.635979723185300827e-03 , 3.544537350535392761e-03 , 3.940932452678680420e-03 , 4.047772847115993500e-03 , 3.386992728337645531e-03 , 4.208350554108619690e-03
2.530749421566724777e-03 , 3.149995813146233559e-03 , 4.004929214715957642e-03 , 4.649548325687646866e-03 , 4.322429653257131577e-03 , 3.962557297199964523e-03 , 3.838779870420694351e-03 , 3.666213713586330414e-03 , 3.732397686690092087e-03 , 3.447467461228370667e-03 , 3.059433773159980774e-03 , 3.627360099926590919e-03 , 3.798978170379996300e-03 , 3.880585078150033951e-03 , 3.834319766610860825e-03 , 3.643195377662777901e-03 , 3.712167032063007355e-03 , 2.994727808982133865e-03 , 2.717894269153475761e-03 , 2.654162701219320297e-03 , 2.266150899231433868e-03 , 1.420694054104387760e-03 , -5.975989042781293392e-04 , 5.114560481160879135e-04 , 4.106418695300817490e-03 , 2.397140488028526306e-03 , 1.593545544892549515e-03 , 2.502274233847856522e-03 , 2.742620417848229408e-03 , 2.796087181195616722e-03 , 2.884186804294586182e-03 , 3.013634122908115387e-03 , 3.018544986844062805e-03 , 3.008201019838452339e-03 , 3.004786092787981033e-03 , 3.484784625470638275e-03 , 3.634096356108784676e-03 , 3.654097206890583038e-03 , 3.981562796980142593e-03 , 3.518694313243031502e-03 , 3.109471872448921204e-03 , 2.898439532145857811e-03 , 3.480439772829413414e-03 , 3.868387546390295029e-03 , 3.730543656274676323e-03 , 3.246063832193613052e-03 , 3.434425219893455505e-03 , 3.683104179799556732e-03 , 2.738669048994779587e-03 , 2.083680825307965279e-03
1.437869155779480934e-03 , 2.422510180622339249e-03 , 3.888673149049282074e-03 , 4.265313968062400818e-03 , 3.906914032995700836e-03 , 3.360159229487180710e-03 , 3.668998600915074348e-03 , 3.987122327089309692e-03 , 3.800428006798028946e-03 , 3.295642323791980743e-03 , 3.183422377333045006e-03 , 3.773887641727924347e-03 , 3.945763688534498215e-03 , 3.684836206957697868e-03 , 3.593135392293334007e-03 , 3.993867896497249603e-03 , 4.292469937354326248e-03 , 3.893963992595672607e-03 , 2.879412379115819931e-03 , 2.930252347141504288e-03 , 3.096272004768252373e-03 , 2.637533936649560928e-03 , 5.735435988754034042e-04 , -8.095477824099361897e-04 , 2.920295577496290207e-03 , 8.559820707887411118e-04 , 1.018865965306758881e-03 , 2.791219158098101616e-03 , 3.049648134037852287e-03 , 2.984878141433000565e-03 , 2.923121908679604530e-03 , 2.637147204950451851e-03 , 2.827749354764819145e-03 , 3.305700840428471565e-03 , 3.660096321254968643e-03 , 3.441883716732263565e-03 , 3.114389488473534584e-03 , 3.436721861362457275e-03 , 3.449306590482592583e-03 , 3.236892633140087128e-03 , 2.613438526168465614e-03 , 3.353398060426115990e-03 , 4.126694519072771072e-03 , 4.216398112475872040e-03 , 3.943787887692451477e-03 , 3.358474001288414001e-03 , 3.913321997970342636e-03 , 3.674857551231980324e-03 , 2.107761800289154053e-03 , 8.034695056267082691e-04
1.435886952094733715e-03 , 1.937168184667825699e-03 , 3.692743368446826935e-03 , 4.219415597617626190e-03 , 4.073414020240306854e-03 , 3.838948672637343407e-03 , 3.949178848415613174e-03 , 3.955589141696691513e-03 , 3.550238208845257759e-03 , 3.159237327054142952e-03 , 3.243303392082452774e-03 , 3.480013925582170486e-03 , 3.521615406498312950e-03 , 3.211487317457795143e-03 , 3.272269852459430695e-03 , 3.965205047279596329e-03 , 3.863354679197072983e-03 , 3.386169672012329102e-03 , 2.534709637984633446e-03 , 2.891904208809137344e-03 , 3.389662830159068108e-03 , 2.695045433938503265e-03 , 1.383192953653633595e-03 , -1.721300650388002396e-04 , 1.241902122274041176e-03 , 6.212019361555576324e-04 , 1.985486160265281796e-04 , 2.245940733700990677e-03 , 2.993990667164325714e-03 , 3.150539938360452652e-03 , 3.100881585851311684e-03 , 2.882404485717415810e-03 , 3.302629571408033371e-03 , 3.738052444532513618e-03 , 3.828370943665504456e-03 , 3.432370256632566452e-03 , 2.956831129267811775e-03 , 2.909076632931828499e-03 , 3.258318640291690826e-03 , 3.677906934171915054e-03 , 3.566785715520381927e-03 , 3.322372678667306900e-03 , 3.454124787822365761e-03 , 3.918933682143688202e-03 , 3.968699835240840912e-03 , 3.583157435059547424e-03 , 3.581690136343240738e-03 , 3.871694672852754593e-03 , 2.824391704052686691e-03 , 1.809782115742564201e-03
3.075999207794666290e-03 , 2.903916174545884132e-03 , 4.061791114509105682e-03 , 4.224260337650775909e-03 , 3.838318632915616035e-03 , 4.207958467304706573e-03 , 3.899008268490433693e-03 , 3.690004814416170120e-03 , 3.276007017120718956e-03 , 3.276479663327336311e-03 , 3.228575224056839943e-03 , 2.860363572835922241e-03 , 2.852581907063722610e-03 , 3.138362895697355270e-03 , 3.143187845125794411e-03 , 3.471033181995153427e-03 , 3.348215715959668159e-03 , 3.105442738160490990e-03 , 2.722162287682294846e-03 , 2.955815289169549942e-03 , 3.007170045748353004e-03 , 2.150541404262185097e-03 , 1.672739977948367596e-03 , 5.502862040884792805e-04 , 4.843153583351522684e-04 , 1.945302123203873634e-03 , 2.371932350797578692e-04 , 8.457062067463994026e-04 , 2.876604441553354263e-03 , 3.089936217293143272e-03 , 3.291684202849864960e-03 , 3.189990529790520668e-03 , 3.155593993142247200e-03 , 3.418718930333852768e-03 , 3.478542668744921684e-03 , 3.739662934094667435e-03 , 3.417108440771698952e-03 , 3.273201175034046173e-03 , 3.655171720311045647e-03 , 3.824191167950630188e-03 , 3.955484833568334579e-03 , 3.792328294366598129e-03 , 3.681063884869217873e-03 , 4.200534895062446594e-03 , 4.238381516188383102e-03 , 4.352466203272342682e-03 , 4.077064804732799530e-03 , 4.133645445108413696e-03 , 3.490819130092859268e-03 , 2.888825023546814919e-03
4.250454716384410858e-03 , 3.646316938102245331e-03 , 4.035535734146833420e-03 , 4.028196446597576141e-03 , 3.627132391557097435e-03 , 4.230940714478492737e-03 , 3.882736666128039360e-03 , 3.346743993461132050e-03 , 3.044576616957783699e-03 , 2.958477940410375595e-03 , 2.787930192425847054e-03 , 2.429543295875191689e-03 , 2.659760415554046631e-03 , 3.128691809251904488e-03 , 2.893256489187479019e-03 , 2.817899687215685844e-03 , 3.093215869739651680e-03 , 2.945070853456854820e-03 , 2.900036284700036049e-03 , 2.803260460495948792e-03 , 2.255034167319536209e-03 , 1.408549258485436440e-03 , 1.250460394658148289e-03 , 9.559663012623786926e-04 , 1.065438031218945980e-03 , 3.266348270699381828e-03 , 3.036464098840951920e-03 , 1.762633793987333775e-03 , 3.943897783756256104e-03 , 3.353418549522757530e-03 , 3.350362181663513184e-03 , 3.593035042285919189e-03 , 3.325994824990630150e-03 , 3.513118019327521324e-03 , 3.458198159933090210e-03 , 4.088911693543195724e-03 , 3.715238301083445549e-03 , 3.326904494315385818e-03 , 3.495745128020644188e-03 , 3.555082017555832863e-03 , 3.549197223037481308e-03 , 3.539833705872297287e-03 , 3.803646191954612732e-03 , 4.560700152069330215e-03 , 4.738116171211004257e-03 , 5.015908740460872650e-03 , 4.887749906629323959e-03 , 4.343497101217508316e-03 , 3.669845638796687126e-03 , 3.329558297991752625e-03
3.532729577273130417e-03 , 3.246124833822250366e-03 , 3.682244103401899338e-03 , 3.763655899092555046e-03 , 3.321195952594280243e-03 , 3.866440849378705025e-03 , 3.759560408070683479e-03 , 3.166103037074208260e-03 , 3.205392276868224144e-03 , 3.185559762641787529e-03 , 3.196469042450189590e-03 , 2.782127819955348969e-03 , 2.711437642574310303e-03 , 2.967604901641607285e-03 , 2.788649871945381165e-03 , 2.382298232987523079e-03 , 2.870407421141862869e-03 , 2.834643702954053879e-03 , 2.794899279251694679e-03 , 1.787254936061799526e-03 , 1.274270121939480305e-03 , 1.195090007968246937e-03 , 1.389048877172172070e-03 , 1.526369829662144184e-03 , 1.386727788485586643e-03 , 1.778308069333434105e-03 , 2.444599755108356476e-03 , 1.505490741692483425e-03 , 3.349447157233953476e-03 , 3.505414118990302086e-03 , 3.600823460146784782e-03 , 3.867720719426870346e-03 , 3.624389180913567543e-03 , 3.743664361536502838e-03 , 3.720177803188562393e-03 , 3.804483450949192047e-03 , 3.700806992128491402e-03 , 3.429686184972524643e-03 , 3.517492907121777534e-03 , 3.785907756537199020e-03 , 3.683240618556737900e-03 , 3.588018007576465607e-03 , 3.659653011709451675e-03 , 4.262857139110565186e-03 , 4.632077645510435104e-03 , 4.421166609972715378e-03 , 4.386433400213718414e-03 , 4.511650186032056808e-03 , 4.708236549049615860e-03 , 3.634296823292970657e-03
2.149858511984348297e-03 , 3.372335340827703476e-03 , 3.650279715657234192e-03 , 3.016467206180095673e-03 , 3.011021297425031662e-03 , 3.070759121328592300e-03 , 3.266744548454880714e-03 , 3.328260965645313263e-03 , 3.500930964946746826e-03 , 3.202936844900250435e-03 , 3.012828528881072998e-03 , 3.034815890714526176e-03 , 3.012961242347955704e-03 , 2.889964496716856956e-03 , 3.070909762755036354e-03 , 2.373937051743268967e-03 , 2.692225156351923943e-03 , 2.773746149614453316e-03 , 2.587761031463742256e-03 , 1.251040608622133732e-03 , 7.240963750518858433e-04 , 1.502826111391186714e-03 , 2.152860397472977638e-03 , 2.324427943676710129e-03 , 1.942242612130939960e-03 , 1.763614942319691181e-03 , 2.381158061325550079e-03 , 1.057762769050896168e-03 , 7.618477102369070053e-04 , 1.972841797396540642e-03 , 3.321727504953742027e-03 , 3.601260017603635788e-03 , 3.830997506156563759e-03 , 3.977711312472820282e-03 , 3.948683850467205048e-03 , 3.442592918872833252e-03 , 3.736871527507901192e-03 , 3.986638505011796951e-03 , 3.927466459572315216e-03 , 4.309902433305978775e-03 , 3.739821258932352066e-03 , 3.689740085974335670e-03 , 4.290817771106958389e-03 , 4.606293514370918274e-03 , 4.401416983455419540e-03 , 3.852173918858170509e-03 , 4.329903051257133484e-03 , 5.097272805869579315e-03 , 4.518264438956975937e-03 , 1.405313727445900440e-03
2.152535598725080490e-03 , 3.508407389745116234e-03 , 4.048909526318311691e-03 , 3.464678302407264709e-03 , 3.179331310093402863e-03 , 3.135743783786892891e-03 , 3.172395983710885048e-03 , 2.985780825838446617e-03 , 2.853452228009700775e-03 , 3.069577971473336220e-03 , 3.041463205590844154e-03 , 2.946133492514491081e-03 , 2.884623827412724495e-03 , 2.640125807374715805e-03 , 2.953023649752140045e-03 , 2.380071906372904778e-03 , 2.553836908191442490e-03 , 2.565104281529784203e-03 , 1.796267344616353512e-03 , 9.165449882857501507e-04 , 8.581600268371403217e-04 , 1.867099897935986519e-03 , 2.536076121032238007e-03 , 2.715067239478230476e-03 , 2.111519686877727509e-03 , 1.750587718561291695e-03 , 1.919452915899455547e-03 , 7.038132753223180771e-04 , 8.204235928133130074e-04 , 1.071476726792752743e-03 , 2.592332893982529640e-03 , 3.436421742662787437e-03 , 4.154290072619915009e-03 , 4.203368909657001495e-03 , 4.267164971679449081e-03 , 3.769950708374381065e-03 , 4.229282960295677185e-03 , 4.267237149178981781e-03 , 4.687312524765729904e-03 , 4.630359355360269547e-03 , 4.227235913276672363e-03 , 3.926034551113843918e-03 , 4.422748461365699768e-03 , 4.501134622842073441e-03 , 4.350276198238134384e-03 , 4.073986783623695374e-03 , 4.216111730784177780e-03 , 4.975842777639627457e-03 , 4.637088160961866379e-03 , 1.072430051863193512e-03
4.544134251773357391e-03 , 3.924515563994646072e-03 , 3.827226115390658379e-03 , 3.174207871779799461e-03 , 3.201021812856197357e-03 , 2.670928137376904488e-03 , 2.641560742631554604e-03 , 2.749894047155976295e-03 , 2.853499026969075203e-03 , 3.110073972493410110e-03 , 2.981164027005434036e-03 , 3.174994606524705887e-03 , 2.934454707428812981e-03 , 2.918476937338709831e-03 , 2.911826595664024353e-03 , 2.580795669928193092e-03 , 2.310862764716148376e-03 , 2.001272048801183701e-03 , 1.418398926034569740e-03 , 1.726557733491063118e-03 , 2.045382512733340263e-03 , 1.963202841579914093e-03 , 1.725691137835383415e-03 , 1.992280827835202217e-03 , 2.206391189247369766e-03 , 2.197858178988099098e-03 , 1.908589387312531471e-03 , 1.247147098183631897e-03 , 1.839994569309055805e-03 , 2.287916140630841255e-03 , 1.620119670405983925e-03 , 2.788662910461425781e-03 , 4.002902656793594360e-03 , 4.189338535070419312e-03 , 4.185901954770088196e-03 , 3.975585103034973145e-03 , 4.391551483422517776e-03 , 3.533706534653902054e-03 , 4.102577921003103256e-03 , 4.090050701051950455e-03 , 4.575367551296949387e-03 , 4.264417104423046112e-03 , 4.838915541768074036e-03 , 4.870011471211910248e-03 , 4.491226747632026672e-03 , 4.641798790544271469e-03 , 4.832257516682147980e-03 , 4.474132321774959564e-03 , 4.454803653061389923e-03 , 3.481534775346517563e-03
3.612093860283493996e-03 , 2.748534549027681351e-03 , 3.001446602866053581e-03 , 2.812734805047512054e-03 , 3.065995173528790474e-03 , 2.744861179962754250e-03 , 3.324119606986641884e-03 , 3.284404519945383072e-03 , 3.369271755218505859e-03 , 3.187650348991155624e-03 , 3.057355061173439026e-03 , 2.877855906262993813e-03 , 2.342726103961467743e-03 , 2.363127889111638069e-03 , 2.317069796845316887e-03 , 2.722741104662418365e-03 , 2.434354042634367943e-03 , 2.205604221671819687e-03 , 1.659397035837173462e-03 , 2.216220367699861526e-03 , 2.607718110084533691e-03 , 2.352768089622259140e-03 , 1.917116227559745312e-03 , 1.903708442114293575e-03 , 2.091175178065896034e-03 , 1.955156680196523666e-03 , 1.685624709352850914e-03 , 1.114925253205001354e-03 , 1.821084879338741302e-03 , 4.183256067335605621e-03 , 3.945166710764169693e-03 , 3.938987851142883301e-03 , 3.674899693578481674e-03 , 3.849997418001294136e-03 , 3.827476408332586288e-03 , 4.187992308288812637e-03 , 4.107932094484567642e-03 , 3.232133109122514725e-03 , 3.573278430849313736e-03 , 3.862553508952260017e-03 , 4.584845621138811111e-03 , 3.959593828767538071e-03 , 3.902784083038568497e-03 , 4.227321594953536987e-03 , 4.342430736869573593e-03 , 5.052653606981039047e-03 , 4.826544784009456635e-03 , 4.010690841823816299e-03 , 3.356432309374213219e-03 , 3.921651747077703476e-03
9.592657443135976791e-04 , 2.229484962299466133e-03 , 2.906440990045666695e-03 , 3.232734510675072670e-03 , 3.020124044269323349e-03 , 3.059094538912177086e-03 , 3.389165503904223442e-03 , 3.427667310461401939e-03 , 3.371966769918799400e-03 , 3.049655584618449211e-03 , 2.699279459193348885e-03 , 2.972383750602602959e-03 , 2.706843195483088493e-03 , 2.612393815070390701e-03 , 2.330305753275752068e-03 , 2.299538115039467812e-03 , 1.823090249672532082e-03 , 1.508223824203014374e-03 , 1.604269491508603096e-03 , 2.301793079823255539e-03 , 2.657627454027533531e-03 , 2.499402966350317001e-03 , 2.271010540425777435e-03 , 2.020577900111675262e-03 , 1.875718822702765465e-03 , 1.689254422672092915e-03 , 1.453453442081809044e-03 , 7.286547333933413029e-04 , -5.667823643307201564e-05 , 1.699532265774905682e-03 , 5.099587142467498779e-03 , 5.591393914073705673e-03 , 3.935595974326133728e-03 , 3.202425083145499229e-03 , 3.484369954094290733e-03 , 3.928940743207931519e-03 , 4.058910533785820007e-03 , 4.135492257773876190e-03 , 4.502150230109691620e-03 , 4.723949823528528214e-03 , 4.875036887824535370e-03 , 4.357778001576662064e-03 , 4.170683678239583969e-03 , 4.471226129680871964e-03 , 4.366626031696796417e-03 , 4.925532732158899307e-03 , 4.234050400555133820e-03 , 3.853104077279567719e-03 , 2.388962078839540482e-03 , 2.079270314425230026e-03
7.460325141437351704e-04 , 2.574297599494457245e-03 , 3.223943756893277168e-03 , 3.702559275552630424e-03 , 2.934866352006793022e-03 , 3.409420838579535484e-03 , 3.825895022600889206e-03 , 3.451766446232795715e-03 , 2.450893865898251534e-03 , 2.069624839350581169e-03 , 1.883189077489078045e-03 , 2.577545819804072380e-03 , 2.542140195146203041e-03 , 2.111506182700395584e-03 , 1.539978780783712864e-03 , 1.302982564084231853e-03 , 1.120262313634157181e-03 , 1.303935074247419834e-03 , 1.771993236616253853e-03 , 2.102150116115808487e-03 , 2.188345417380332947e-03 , 1.993369078263640404e-03 , 2.007399220019578934e-03 , 1.820304780267179012e-03 , 1.591555192135274410e-03 , 1.641034847125411034e-03 , 1.487413654103875160e-03 , 1.357329427264630795e-03 , 8.898501982912421227e-04 , 1.853458932600915432e-03 , 4.204733762890100479e-03 , 5.806746892631053925e-03 , 4.899997729808092117e-03 , 3.774572396650910378e-03 , 4.166817292571067810e-03 , 3.705925075337290764e-03 , 3.966294229030609131e-03 , 4.451210144907236099e-03 , 4.289113450795412064e-03 , 4.533418454229831696e-03 , 4.535623826086521149e-03 , 5.017690826207399368e-03 , 5.335127469152212143e-03 , 5.605089012533426285e-03 , 4.995098803192377090e-03 , 4.725710488855838776e-03 , 4.435189999639987946e-03 , 5.642127245664596558e-03 , 2.699183067306876183e-03 , 1.610402949154376984e-03
2.092634327709674835e-03 , 2.587666036561131477e-03 , 3.430187469348311424e-03 , 3.731245175004005432e-03 , 3.246847772970795631e-03 , 3.127963049337267876e-03 , 3.193019423633813858e-03 , 3.061886178329586983e-03 , 2.382863312959671021e-03 , 2.204924589022994041e-03 , 1.816536416299641132e-03 , 2.425456186756491661e-03 , 2.482752781361341476e-03 , 2.006812952458858490e-03 , 1.328602666035294533e-03 , 7.754014222882688046e-04 , 6.833863444626331329e-04 , 1.271435525268316269e-03 , 1.892205909825861454e-03 , 2.015353413298726082e-03 , 1.824092585593461990e-03 , 1.695683109574019909e-03 , 1.497227814979851246e-03 , 1.475938363000750542e-03 , 1.472659874707460403e-03 , 1.571017783135175705e-03 , 1.469810958951711655e-03 , 1.045405282638967037e-03 , 9.588874527253210545e-04 , 1.894452027045190334e-03 , 3.397217951714992523e-03 , 5.374232772737741470e-03 , 4.859806504100561142e-03 , 2.869460964575409889e-03 , 3.617256646975874901e-03 , 3.383405972272157669e-03 , 4.117123782634735107e-03 , 4.472929518669843674e-03 , 4.291060846298933029e-03 , 4.266865085810422897e-03 , 4.472786094993352890e-03 , 4.719825461506843567e-03 , 5.403605289757251740e-03 , 5.616699811071157455e-03 , 4.952233750373125076e-03 , 4.460888914763927460e-03 , 4.793114960193634033e-03 , 5.806786473840475082e-03 , 3.683060407638549805e-03 , 3.696016035974025726e-03
4.409237299114465714e-03 , 2.296509919688105583e-03 , 2.495061606168746948e-03 , 2.191518200561404228e-03 , 2.705195685848593712e-03 , 2.812190679833292961e-03 , 3.050991101190447807e-03 , 2.942235674709081650e-03 , 2.565562492236495018e-03 , 2.086690859869122505e-03 , 1.949107740074396133e-03 , 2.069502836093306541e-03 , 2.207880374044179916e-03 , 1.921039773151278496e-03 , 1.737975748255848885e-03 , 1.232600654475390911e-03 , 1.236365991644561291e-03 , 1.871525309979915619e-03 , 2.288135234266519547e-03 , 2.004107227548956871e-03 , 1.513957744464278221e-03 , 1.625543925911188126e-03 , 1.724245492368936539e-03 , 1.591763109900057316e-03 , 1.521345111541450024e-03 , 1.706700189970433712e-03 , 1.883436343632638454e-03 , 1.541517791338264942e-03 , 1.129202311858534813e-03 , 9.861399885267019272e-04 , 1.283159712329506874e-03 , 2.700767712667584419e-03 , 2.516716951504349709e-03 , 2.992697758600115776e-03 , 4.909876734018325806e-03 , 2.958834636956453323e-03 , 4.045380745083093643e-03 , 4.390720743685960770e-03 , 4.523411393165588379e-03 , 4.410679452121257782e-03 , 4.988011438399553299e-03 , 4.486057907342910767e-03 , 4.957459401339292526e-03 , 5.182766355574131012e-03 , 5.291933193802833557e-03 , 4.984633531421422958e-03 , 5.591373890638351440e-03 , 5.625576712191104889e-03 , 4.849551245570182800e-03 , 4.704433027654886246e-03
3.443064633756875992e-03 , 2.125486498698592186e-03 , 1.968436175957322121e-03 , 1.806283602491021156e-03 , 2.440184354782104492e-03 , 2.755430527031421661e-03 , 2.818765584379434586e-03 , 2.509765559807419777e-03 , 2.636793069541454315e-03 , 2.390998648479580879e-03 , 2.308228053152561188e-03 , 2.234610030427575111e-03 , 2.095034113153815269e-03 , 1.906064338982105255e-03 , 1.773818628862500191e-03 , 1.517508877441287041e-03 , 1.605615485459566116e-03 , 1.853399677202105522e-03 , 1.915592234581708908e-03 , 1.503563136793673038e-03 , 1.264798804186284542e-03 , 1.910309074446558952e-03 , 1.991665689274668694e-03 , 1.749844523146748543e-03 , 1.305151614360511303e-03 , 1.451557152904570103e-03 , 1.806683023460209370e-03 , 1.701646135188639164e-03 , 1.173599273897707462e-03 , 1.008875085972249508e-03 , 1.154536032117903233e-03 , 1.205402659252285957e-03 , 3.659778158180415630e-04 , 1.057284185662865639e-03 , 4.765516612678766251e-03 , 3.983958624303340912e-03 , 4.633508156985044479e-03 , 4.470552317798137665e-03 , 4.602154251188039780e-03 , 4.689588677138090134e-03 , 5.353896878659725189e-03 , 4.798411857336759567e-03 , 5.094014573842287064e-03 , 4.928925540298223495e-03 , 5.210641305893659592e-03 , 5.027298815548419952e-03 , 5.701256450265645981e-03 , 5.387012846767902374e-03 , 4.964087158441543579e-03 , 3.591301850974559784e-03
1.386304735206067562e-03 , 2.243813592940568924e-03 , 1.856649527326226234e-03 , 1.775294309481978416e-03 , 2.167621161788702011e-03 , 2.570437267422676086e-03 , 2.732531167566776276e-03 , 2.537275897338986397e-03 , 2.497477922588586807e-03 , 2.170219784602522850e-03 , 1.949641387909650803e-03 , 2.009765710681676865e-03 , 1.667557749897241592e-03 , 1.623275340534746647e-03 , 1.833771239034831524e-03 , 2.004257868975400925e-03 , 1.595650566741824150e-03 , 1.671258360147476196e-03 , 1.875611720606684685e-03 , 1.612308085896074772e-03 , 1.121621928177773952e-03 , 1.552219851873815060e-03 , 1.831594621762633324e-03 , 1.619874848984181881e-03 , 1.195154036395251751e-03 , 1.074941363185644150e-03 , 1.403931528329849243e-03 , 1.295301248319447041e-03 , 1.210322370752692223e-03 , 1.239765086211264133e-03 , 1.141779590398073196e-03 , 4.725455073639750481e-04 , -2.470215782523155212e-03 , -4.297984298318624496e-03 , -4.448082181625068188e-04 , 4.316569771617650986e-03 , 4.755989648401737213e-03 , 4.145900253206491470e-03 , 4.630487877875566483e-03 , 5.038579460233449936e-03 , 5.448718555271625519e-03 , 5.532200448215007782e-03 , 5.095418076962232590e-03 , 5.186903756111860275e-03 , 5.298333242535591125e-03 , 5.247408058494329453e-03 , 5.413213279098272324e-03 , 5.716389976441860199e-03 , 5.291474983096122742e-03 , 3.806286491453647614e-03
-5.769642884843051434e-04 , 1.397031010128557682e-03 , 2.257078187540173531e-03 , 2.362874802201986313e-03 , 2.245537936687469482e-03 , 2.230093814432621002e-03 , 2.551915124058723450e-03 , 2.350764814764261246e-03 , 2.504625590518116951e-03 , 2.267325064167380333e-03 , 2.038843696936964989e-03 , 1.808601780794560909e-03 , 1.587840961292386055e-03 , 1.481837942264974117e-03 , 1.441857544705271721e-03 , 2.029891591519117355e-03 , 1.629674108698964119e-03 , 1.538073644042015076e-03 , 1.427289214916527271e-03 , 1.458944636397063732e-03 , 1.355604967102408409e-03 , 1.551661989651620388e-03 , 1.733272918500006199e-03 , 1.483083004131913185e-03 , 1.029713894240558147e-03 , 8.629352087154984474e-04 , 1.147642964497208595e-03 , 1.001544878818094730e-03 , 1.119151478633284569e-03 , 1.193735748529434204e-03 , 1.060945913195610046e-03 , 2.572472731117159128e-04 , -1.512921997345983982e-03 , -3.128554904833436012e-03 , -1.871080021373927593e-03 , 4.605841822922229767e-03 , 4.856664687395095825e-03 , 4.955955315381288528e-03 , 5.221865139901638031e-03 , 5.406869109719991684e-03 , 4.405495710670948029e-03 , 5.085953511297702789e-03 , 4.859015811234712601e-03 , 5.459485109895467758e-03 , 5.293078720569610596e-03 , 5.255611147731542587e-03 , 4.991005174815654755e-03 , 6.881965789943933487e-03 , 5.880877841264009476e-03 , 3.081088187173008919e-03
1.380474539473652840e-03 , 2.450767206028103828e-03 , 2.743156393989920616e-03 , 3.893224755302071571e-03 , 6.546805147081613541e-03 , 6.285735405981540680e-03 , 4.436063114553689957e-03 , 2.266834955662488937e-03 , 2.212684135884046555e-03 , 1.793955103494226933e-03 , 1.646794262342154980e-03 , 2.635532990097999573e-03 , 4.268266726285219193e-03 , 5.260247737169265747e-03 , 3.947122488170862198e-03 , 2.889619441702961922e-03 , 1.969587989151477814e-03 , 2.217765664681792259e-03 , 1.502625644207000732e-03 , 1.425965689122676849e-03 , 4.151741042733192444e-03 , 5.486663896590471268e-03 , 5.330637097358703613e-03 , 2.922376617789268494e-03 , 1.262543839402496815e-03 , 9.961547330021858215e-04 , 8.138278499245643616e-04 , 8.350239950232207775e-04 , 1.857765018939971924e-03 , 5.914919544011354446e-03 , 8.462957106530666351e-03 , 6.882447283715009689e-03 , 3.299405565485358238e-03 , -1.262447098270058632e-03 , -7.401368930004537106e-04 , 3.926799632608890533e-03 , 4.766521975398063660e-03 , 6.908217910677194595e-03 , 1.041101384907960892e-02 , 1.039817091077566147e-02 , 7.548961788415908813e-03 , 4.458196461200714111e-03 , 5.137567408382892609e-03 , 6.137080490589141846e-03 , 5.356474313884973526e-03 , 4.950486589223146439e-03 , 9.185709990561008453e-03 , 1.418527495115995407e-02 , 9.986947290599346161e-03 , 3.556470153853297234e-03
2.480883849784731865e-03 , 2.638372825458645821e-03 , 2.190630417317152023e-03 , 5.122744478285312653e-03 , 1.002334617078304291e-02 , 8.541408926248550415e-03 , 4.638847429305315018e-03 , 1.170778996311128139e-03 , 1.703786547295749187e-03 , 1.489847898483276367e-03 , 1.343861338682472706e-03 , 2.938229357823729515e-03 , 4.826528485864400864e-03 , 8.365795947611331940e-03 , 6.612373981624841690e-03 , 4.561780486255884171e-03 , 2.213908126577734947e-03 , 2.038875361904501915e-03 , 1.163448905572295189e-03 , -1.153816047008149326e-04 , 4.459990654140710831e-03 , 8.053770288825035095e-03 , 9.240077808499336243e-03 , 5.604508798569440842e-03 , 1.516470452770590782e-03 , 1.085177646018564701e-03 , 6.382297724485397339e-04 , 8.227542857639491558e-04 , 9.327143197879195213e-04 , 5.496590398252010345e-03 , 1.134400721639394760e-02 , 1.183267589658498764e-02 , 6.779653020203113556e-03 , -3.422063018660992384e-04 , 5.393619630922330543e-06 , 1.451248885132372379e-03 , 2.620101673528552055e-03 , 7.812289986759424210e-03 , 1.551572047173976898e-02 , 1.591067016124725342e-02 , 1.266453601419925690e-02 , 3.944030962884426117e-03 , 4.956386052072048187e-03 , 5.662171635776758194e-03 , 5.262339953333139420e-03 , 4.843651782721281052e-03 , 1.271558925509452820e-02 , 2.000700496137142181e-02 , 1.524931378662586212e-02 , 8.868246339261531830e-03
1.183487358503043652e-03 , 1.634978456422686577e-03 , 1.537975622341036797e-03 , 4.462861921638250351e-03 , 7.688821293413639069e-03 , 5.640074145048856735e-03 , 3.227728884667158127e-03 , 7.985405391082167625e-04 , 1.130126300267875195e-03 , 9.944302728399634361e-04 , 1.047274214215576649e-03 , 1.886356039904057980e-03 , 2.756356261670589447e-03 , 6.841416005045175552e-03 , 5.516702309250831604e-03 , 3.563170321285724640e-03 , 1.170328352600336075e-03 , 9.847441688179969788e-04 , 7.810705574229359627e-04 , -5.550354835577309132e-04 , 1.656437059864401817e-03 , 6.165459286421537399e-03 , 8.541058748960494995e-03 , 6.441695615649223328e-03 , 1.498588942922651768e-03 , 7.502817898057401180e-04 , 5.414395709522068501e-04 , 5.492852069437503815e-04 , 8.583877934142947197e-04 , 1.786457840353250504e-03 , 5.934405140578746796e-03 , 7.832495495676994324e-03 , 4.320180974900722504e-03 , 6.221586372703313828e-04 , 6.037316634319722652e-04 , 1.129219424910843372e-03 , 6.732775364071130753e-04 , 5.970420315861701965e-03 , 1.538503170013427734e-02 , 1.873797364532947540e-02 , 1.643523201346397400e-02 , 4.849867429584264755e-03 , 5.099399015307426453e-03 , 5.124253220856189728e-03 , 4.435776732861995697e-03 , 4.259187262505292892e-03 , 9.785673581063747406e-03 , 1.655592396855354309e-02 , 1.600545272231101990e-02 , 1.605106890201568604e-02
2.455292269587516785e-04 , 8.665408240631222725e-04 , 7.895764429122209549e-04 , 2.841835375875234604e-03 , 4.056103993207216263e-03 , 2.048954833298921585e-03 , 1.021287986077368259e-03 , 6.027668132446706295e-04 , 1.093618688173592091e-03 , 1.008139341138303280e-03 , 7.872671121731400490e-04 , -3.512142284307628870e-04 , -1.045154989697039127e-03 , 1.855110516771674156e-03 , 2.412786940112709999e-03 , 2.634936012327671051e-03 , 1.192820724099874496e-03 , 9.057720308192074299e-04 , 7.792165270075201988e-04 , -1.782618230208754539e-03 , -3.519213292747735977e-03 , 1.358601730316877365e-03 , 5.365266464650630951e-03 , 6.184821948409080505e-03 , 1.795230200514197350e-03 , 8.202490862458944321e-04 , 8.382165106013417244e-04 , 1.654749357840046287e-04 , -4.709022177848964930e-04 , -3.104626433923840523e-03 , -1.175717916339635849e-04 , 2.888454124331474304e-03 , 2.922041807323694229e-03 , 7.358355796895921230e-04 , 1.493253803346306086e-04 , 2.053033094853162766e-04 , -1.589435269124805927e-03 , 1.504492480307817459e-03 , 7.627942133694887161e-03 , 1.321459468454122543e-02 , 1.370535604655742645e-02 , 5.608095787465572357e-03 , 4.751524887979030609e-03 , 4.673683084547519684e-03 , 3.406169824302196503e-03 , 2.315038582310080528e-03 , 1.745265675708651543e-03 , 8.178566582500934601e-03 , 8.242337033152580261e-03 , 1.234315149486064911e-02
6.618421175517141819e-04 , 6.377037498168647289e-04 , 6.779313553124666214e-04 , 1.458637067116796970e-03 , 2.253068378195166588e-04 , 3.946193610318005085e-04 , 8.323258371092379093e-04 , 1.391726662404835224e-03 , 1.362960669212043285e-03 , 1.381919952109456062e-03 , 6.481163436546921730e-04 , -1.025258214212954044e-03 , -1.574632362462580204e-03 , 1.412533456459641457e-04 , 8.575538522563874722e-04 , 1.975208520889282227e-03 , 1.150585245341062546e-03 , 1.136232516728341579e-03 , 1.128780306316912174e-03 , -2.100226469337940216e-03 , -6.120317149907350540e-03 , -1.791686518117785454e-03 , 2.938709687441587448e-03 , 4.975423682481050491e-03 , 2.081161830574274063e-03 , 6.597695755772292614e-04 , 1.027415273711085320e-03 , -5.347196711227297783e-04 , -1.329449587501585484e-03 , -4.896998871117830276e-03 , -2.703691599890589714e-03 , 9.340610995423048735e-05 , 2.567252144217491150e-03 , 1.521137193776667118e-03 , 5.308445543050765991e-04 , 2.388066059211269021e-04 , -2.211191691458225250e-03 , -3.870791988447308540e-03 , -4.118975717574357986e-03 , 4.577957093715667725e-03 , 9.301151148974895477e-03 , 7.156321313232183456e-03 , 5.145298782736063004e-03 , 5.230670794844627380e-03 , 3.346882062032818794e-03 , 5.025357822887599468e-04 , -3.397066611796617508e-03 , 1.562157529406249523e-03 , 3.782165702432394028e-03 , 8.407425135374069214e-03
-1.853081630542874336e-04 , -1.302380929701030254e-03 , -3.311575273983180523e-04 , 6.523640477098524570e-04 , -3.067088546231389046e-04 , 2.200682880356907845e-03 , 1.946044852957129478e-03 , 2.252274192869663239e-03 , 1.585367484949529171e-03 , 1.502797473222017288e-03 , 2.627520589157938957e-04 , -4.420564800966531038e-04 , 1.215769909322261810e-03 , 2.861401997506618500e-03 , 2.423638245090842247e-03 , 1.730724005028605461e-03 , 1.419086242094635963e-03 , 1.234475872479379177e-03 , 1.084555173292756081e-03 , -1.754764234647154808e-03 , -5.001773126423358917e-03 , -1.241105026565492153e-03 , 4.296167287975549698e-03 , 5.267074331641197205e-03 , 2.839081455022096634e-03 , 9.059288422577083111e-04 , 1.277196686714887619e-03 , -1.108244177885353565e-03 , -8.782494696788489819e-04 , -1.509872614406049252e-03 , -4.514292595558799803e-05 , 3.491442417725920677e-03 , 4.434417001903057098e-03 , 2.405884908512234688e-03 , 1.116295112296938896e-03 , 7.172953919507563114e-04 , -7.848597597330808640e-04 , -3.839893266558647156e-03 , -8.805412799119949341e-03 , 8.591037476435303688e-04 , 8.341009728610515594e-03 , 9.287060238420963287e-03 , 5.915394518524408340e-03 , 6.371491588652133942e-03 , 3.566547064110636711e-03 , 1.381456269882619381e-03 , -5.393107421696186066e-04 , 6.318005267530679703e-03 , 9.270843118429183960e-03 , 3.991863224655389786e-03
1.247413340024650097e-03 , -6.011828736518509686e-05 , 9.646728285588324070e-04 , -4.417595046106725931e-04 , -1.635594875551760197e-03 , 2.881309250369668007e-03 , 2.630863105878233910e-03 , 2.234388375654816628e-03 , 7.502456428483128548e-04 , 1.135043334215879440e-03 , 1.888791302917525172e-06 , -3.217548073735088110e-04 , 1.533907372504472733e-03 , 3.269843757152557373e-03 , 2.450195839628577232e-03 , 1.121192355640232563e-03 , 9.549864334985613823e-04 , 5.053328350186347961e-04 , 5.316900787875056267e-04 , -1.619511400349438190e-03 , -4.687472246587276459e-03 , -8.295553270727396011e-04 , 4.814821761101484299e-03 , 4.733085632324218750e-03 , 3.043477190658450127e-03 , 8.545379387214779854e-04 , 1.234424649737775326e-03 , -1.366415410302579403e-03 , -1.339929993264377117e-03 , -2.402712998446077108e-04 , 1.561580575071275234e-03 , 5.675957538187503815e-03 , 5.976157728582620621e-03 , 2.815465908497571945e-03 , 9.736262145452201366e-04 , 8.852114115143194795e-05 , -5.472982302308082581e-04 , -3.633270040154457092e-03 , -7.860017009079456329e-03 , 1.767804496921598911e-03 , 9.889149107038974762e-03 , 1.106583047658205032e-02 , 4.596010781824588776e-03 , 4.923799540847539902e-03 , 3.138912608847022057e-03 , 2.921377774327993393e-03 , 3.012661822140216827e-03 , 8.717804215848445892e-03 , 1.192776206880807877e-02 , 5.332965869456529617e-03
